N,ph,label
90,6.502985292,rice
85,7.038096361,rice
60,7.840207144,rice
74,6.980400905,rice
78,7.628472891,rice
69,7.073453503,rice
69,5.70080568,rice
94,5.718627178,rice
89,6.685346424,rice
68,6.336253525,rice
91,5.386167788,rice
90,7.50283396,rice
78,5.108681786,rice
93,6.98435366,rice
94,6.94801983,rice
60,7.042299069,rice
85,6.249050656,rice
91,6.970859754,rice
77,5.953933276,rice
88,5.85393208,rice
89,6.442475375,rice
76,5.070175667,rice
67,6.012632591,rice
83,6.254028451,rice
98,7.375482851,rice
66,7.778915154,rice
97,6.286500176,rice
97,7.070959995,rice
60,6.244841491,rice
84,6.043304899,rice
73,5.824709117,rice
92,6.357389366,rice
85,6.364134968,rice
98,5.01450727,rice
88,6.149410611,rice
95,5.950660556,rice
99,5.960370061,rice
95,5.561398642,rice
60,7.416245107,rice
63,5.583370042,rice
62,6.430010215,rice
64,5.534878156,rice
83,6.903985986,rice
82,6.271478838,rice
85,7.224285503,rice
91,6.13428721,rice
76,5.206373153,rice
74,7.782051313,rice
79,7.062779015,rice
88,7.730367824,rice
60,5.286203711,rice
76,6.766240045,rice
93,7.382762603,rice
65,5.658169482,rice
95,5.543360238,rice
75,6.215109715,rice
74,7.120272972,rice
91,5.950647577,rice
71,7.236705436,rice
99,6.501697816,rice
72,7.592490617,rice
83,5.875345751,rice
93,6.932400225,rice
70,6.946209881,rice
76,5.739175027,rice
99,6.738652179,rice
99,5.594819626,rice
86,6.946636369,rice
69,5.012139669,rice
91,6.363472208,rice
61,6.880431223,rice
67,7.300410836,rice
79,6.587918708,rice
78,7.283736617,rice
75,7.023936392,rice
97,6.939083505,rice
67,7.868474653,rice
73,5.005306977,rice
77,6.136131869,rice
81,7.524080076,rice
68,5.706943251,rice
72,5.758506323,rice
61,6.349606327,rice
67,5.999969026,rice
67,5.453592032,rice
66,6.372576327,rice
82,5.105588355,rice
84,5.935344406,rice
81,5.17782304,rice
91,6.462391607,rice
93,7.069172227,rice
90,7.473134377,rice
81,6.158376967,rice
78,7.549873681,rice
60,6.028321558,rice
88,6.604993475,rice
93,6.500343222,rice
60,5.935745417,rice
78,7.072655622,rice
65,5.333322606,rice
71,5.749914421,maize
61,6.931756558,maize
80,6.657964753,maize
73,6.596060648,maize
61,5.970458434,maize
68,6.158830619,maize
93,6.047906679,maize
89,5.913664501,maize
76,5.855442401,maize
67,5.750254943,maize
70,5.852607099,maize
90,6.472523287,maize
62,6.967057762,maize
92,6.082973754,maize
66,5.919045532,maize
63,6.204747653,maize
70,6.600827017,maize
61,6.021902237,maize
66,6.033550195,maize
74,6.28886807,maize
77,6.550563823,maize
99,5.573286437,maize
74,6.829199275,maize
83,5.716222912,maize
100,5.54990242,maize
79,6.586244581,maize
94,5.893093135,maize
75,5.918263801,maize
78,5.588650585,maize
87,6.576418207,maize
87,6.178056304,maize
63,6.641906353,maize
84,6.489040367,maize
64,5.680361038,maize
60,6.625404348,maize
98,6.524478032,maize
75,5.696205468,maize
86,6.803931519,maize
98,6.252797548,maize
76,6.092725883,maize
99,6.234330356,maize
60,5.722579819,maize
74,6.430616465,maize
89,5.983952675,maize
69,6.80163854,maize
96,6.499936446,maize
61,6.265564338,maize
74,6.727303282,maize
74,6.325235159,maize
63,6.807487794,maize
99,6.671085817,maize
77,6.648725327,maize
87,6.439071996,maize
60,6.474476516,maize
94,5.871647806,maize
95,5.730617109,maize
84,5.850439831,maize
77,5.791649933,maize
66,6.740000688,maize
63,6.272417541,maize
79,5.715208817,maize
72,5.773454729,maize
67,5.584171461,maize
86,5.787268394,maize
76,5.77597783,maize
75,6.864793607,maize
81,6.192360003,maize
73,6.636803223,maize
71,5.826426917,maize
96,6.960358276,maize
99,6.11275104,maize
62,6.708446922,maize
86,5.561510732,maize
94,5.873242491,maize
76,6.995843776,maize
77,5.714799723,maize
74,6.78073637,maize
81,5.513697923,maize
63,5.798423908,maize
99,6.352471866,maize
90,6.822586546,maize
68,6.655426355,maize
60,6.121294041,maize
71,5.790770203,maize
61,6.47444292,maize
88,6.455116637,maize
65,6.606984086,maize
78,6.330554389,maize
78,6.528631266,maize
92,5.721667141,maize
79,6.644205485,maize
91,6.376651091,maize
76,6.247040422,maize
87,6.656730008,maize
71,6.2048017,maize
90,6.158860284,maize
67,6.385684214,maize
60,6.417820493,maize
83,6.381201909,maize
83,6.877869005,maize
40,7.485996067,Soyabeans
23,6.920251378,Soyabeans
39,5.996932037,Soyabeans
22,6.391173589,Soyabeans
36,7.152811172,Soyabeans
32,5.988992796,Soyabeans
58,6.231049028,Soyabeans
59,7.550808267,Soyabeans
42,7.010570541,Soyabeans
28,8.753795334,Soyabeans
58,8.718192847,Soyabeans
43,7.976607593,Soyabeans
58,6.515499549,Soyabeans
23,8.490127142,Soyabeans
27,6.576415562,Soyabeans
28,6.481783043,Soyabeans
50,7.966605025,Soyabeans
39,8.140825437,Soyabeans
25,7.228963452,Soyabeans
31,6.492546046,Soyabeans
26,7.528599957,Soyabeans
25,7.701446446,Soyabeans
31,8.519975748,Soyabeans
60,6.620900869,Soyabeans
59,8.104396058,Soyabeans
22,6.204090835,Soyabeans
36,6.051091339,Soyabeans
59,7.690962338,Soyabeans
54,7.829211144,Soyabeans
43,6.761599706,Soyabeans
28,6.654425315,Soyabeans
42,6.129533877,Soyabeans
32,8.829273328,Soyabeans
22,8.621662982,Soyabeans
31,8.204862075,Soyabeans
28,6.18042747,Soyabeans
57,7.978996755,Soyabeans
49,7.863113671,Soyabeans
46,6.967843048,Soyabeans
54,6.206582193,Soyabeans
38,8.868741443,Soyabeans
59,8.766128654,Soyabeans
36,8.736337905,Soyabeans
57,8.081095263,Soyabeans
35,6.138243973,Soyabeans
35,7.496645259,Soyabeans
52,8.380185271,Soyabeans
27,6.289614016,Soyabeans
57,6.586777189,Soyabeans
52,6.89655198,Soyabeans
43,7.806747656,Soyabeans
44,7.150681303,Soyabeans
24,6.64919573,Soyabeans
29,7.778591618,Soyabeans
20,6.358740355,Soyabeans
56,8.255450758,Soyabeans
37,6.456148474,Soyabeans
49,6.613072145,Soyabeans
59,8.165359297,Soyabeans
20,7.64867466,Soyabeans
24,6.545888558,Soyabeans
51,7.104224797,Soyabeans
57,7.358099622,Soyabeans
22,6.4740245,Soyabeans
52,7.840339389,Soyabeans
29,7.064790365,Soyabeans
44,7.599033472,Soyabeans
41,6.715587232,Soyabeans
52,6.81712422,Soyabeans
34,7.985417393,Soyabeans
42,7.545258424,Soyabeans
34,7.728998197,Soyabeans
27,7.354973451,Soyabeans
30,7.313122235,Soyabeans
57,7.785039076,Soyabeans
27,6.307004923,Soyabeans
32,6.403982316,Soyabeans
31,7.599279991,Soyabeans
33,7.217018459,Soyabeans
47,7.561108006,Soyabeans
54,7.489545074,Soyabeans
47,6.609696734,Soyabeans
35,7.476800943,Soyabeans
53,7.325451279,Soyabeans
45,6.489389282,Soyabeans
37,7.786366322,Soyabeans
30,6.408437886,Soyabeans
37,8.423873703,Soyabeans
53,8.719960893,Soyabeans
22,7.811997977,Soyabeans
60,6.317153205,Soyabeans
42,7.114405288,Soyabeans
39,8.135900726,Soyabeans
35,7.714153038,Soyabeans
30,7.103798069,Soyabeans
57,8.861479668,Soyabeans
48,7.861128148,Soyabeans
36,7.4526709,Soyabeans
40,7.168096055,Soyabeans
49,7.26311855,Soyabeans
13,5.68597166,beans
25,5.759237003,beans
31,5.873171894,beans
40,5.926676985,beans
2,5.95561668,beans
26,5.949949081,beans
17,5.789214289,beans
26,5.581021521,beans
17,5.689858133,beans
27,5.794158504,beans
28,5.748190463,beans
25,5.566522896,beans
28,5.809419584,beans
25,5.887263027,beans
12,5.99812453,beans
6,5.792744849,beans
22,5.912289889,beans
27,5.788386951,beans
10,5.728233081,beans
23,5.833940084,beans
19,5.967533236,beans
19,5.625096446,beans
22,5.515615023,beans
37,5.954665349,beans
11,5.74644777,beans
18,5.877347515,beans
21,5.979973965,beans
24,5.635993966,beans
34,5.635231778,beans
16,5.679224346,beans
17,5.670062975,beans
37,5.724242065,beans
40,5.811314232,beans
9,5.783425416,beans
1,5.607808432,beans
33,5.946999529,beans
23,5.852046999,beans
6,5.824090984,beans
25,5.502999119,beans
7,5.821649914,beans
8,5.711439256,beans
27,5.514927264,beans
28,5.99616119,beans
32,5.695422863,beans
27,5.833010958,beans
17,5.568456899,beans
0,5.645435626,beans
13,5.821194486,beans
34,5.659254981,beans
9,5.945465949,beans
11,5.951177452,beans
3,5.520880014,beans
35,5.578410206,beans
3,5.608165195,beans
23,5.609435128,beans
22,5.509295379,beans
31,5.902033406,beans
34,5.744117663,beans
12,5.717143397,beans
27,5.542690119,beans
7,5.858617867,beans
24,5.618844277,beans
11,5.606620346,beans
37,5.582178402,beans
25,5.56503533,beans
34,5.889614577,beans
20,5.934136378,beans
37,5.683548308,beans
18,5.70836603,beans
4,5.948164454,beans
37,5.774755144,beans
5,5.97229163,beans
11,5.532100554,beans
22,5.669560726,beans
12,5.655726817,beans
5,5.591704014,beans
27,5.932323085,beans
31,5.824208309,beans
36,5.86442953,beans
5,5.866744372,beans
32,5.706198621,beans
11,5.940546818,beans
0,5.916779289,beans
14,5.779090476,beans
29,5.82738029,beans
32,5.514234138,beans
17,5.662699104,beans
13,5.86390397,beans
14,5.624690248,beans
9,5.591560999,beans
20,5.976312538,beans
40,5.669236258,beans
27,5.961934481,beans
14,5.690065688,beans
7,5.698371311,beans
27,5.59503163,beans
30,5.525904526,beans
37,5.819403771,beans
27,5.562201934,beans
22,5.630664753,beans
3,6.03160778,peas
40,5.269084669,peas
33,5.985792703,peas
27,6.09186275,peas
10,5.624731338,peas
30,6.446091759,peas
40,5.623490043,peas
38,5.864623352,peas
35,5.761702519,peas
38,4.696518678,peas
33,5.269504214,peas
16,7.445444883,peas
31,5.833031708,peas
16,7.339320929,peas
27,6.347929353,peas
40,4.697750704,peas
18,4.962661422,peas
3,4.964887857,peas
26,5.642813116,peas
16,5.6093956,peas
24,4.681576043,peas
9,5.70951224,peas
16,6.413543781,peas
28,6.007508163,peas
16,4.946369874,peas
24,5.517208078,peas
38,5.902103172,peas
9,5.719889876,peas
34,4.548202098,peas
1,6.669529416,peas
6,4.750929218,peas
26,4.946263888,peas
27,5.266227032,peas
27,7.10959773,peas
36,5.617008201,peas
17,5.632353113,peas
26,4.674941549,peas
17,7.161797643,peas
14,6.624966131,peas
39,5.004074624,peas
6,6.345806011,peas
8,6.216814453,peas
2,5.921666758,peas
1,6.012719118,peas
16,4.684079249,peas
23,7.077170002,peas
32,6.208843215,peas
28,7.05181629,peas
5,4.722222454,peas
36,6.418062652,peas
1,4.803564468,peas
24,4.608695247,peas
17,5.611510977,peas
5,7.322097972,peas
5,5.023115055,peas
37,5.617122801,peas
13,5.391560418,peas
6,5.906596905,peas
16,6.574209678,peas
25,4.807776749,peas
34,4.760038039,peas
20,5.180271502,peas
35,4.895927306,peas
14,6.436160044,peas
36,7.066087261,peas
7,6.655918078,peas
29,5.982854523,peas
30,5.457871273,peas
20,4.759490199,peas
19,7.342409555,peas
3,4.820788186,peas
5,6.242052013,peas
5,5.001038726,peas
37,5.560224583,peas
9,4.747352458,peas
20,7.313517308,peas
31,5.661826398,peas
0,4.672437054,peas
21,6.471862118,peas
13,5.384762927,peas
27,5.859813416,peas
29,6.962386495,peas
5,6.12166671,peas
39,6.421748487,peas
22,4.828936119,peas
18,6.98571967,peas
39,4.603563116,peas
13,6.979540061,peas
27,7.064973419,peas
26,5.16516459,peas
23,5.111488821,peas
4,5.374358869,peas
20,5.671419084,peas
7,5.667419697,peas
17,6.07938452,peas
35,6.931924963,peas
11,6.842744374,peas
20,6.876572503,peas
10,6.151029296,peas
33,4.567446499,peas
3,3.692863601,groundnuts
22,4.371745575,groundnuts
36,8.399135958,groundnuts
4,8.840656256,groundnuts
29,8.153022903,groundnuts
32,5.270749441,groundnuts
14,8.050304395,groundnuts
5,9.679240873,groundnuts
25,6.974978386,groundnuts
11,7.39389918,groundnuts
40,6.68727523,groundnuts
38,7.88118645,groundnuts
27,5.875333778,groundnuts
24,8.202706015,groundnuts
23,8.985348193,groundnuts
29,5.87707519,groundnuts
31,7.707595055,groundnuts
0,4.524171562,groundnuts
7,9.926212291,groundnuts
17,6.455592696,groundnuts
11,8.016210782,groundnuts
22,3.71105919,groundnuts
9,5.49091063,groundnuts
28,9.254089438,groundnuts
26,6.005242945,groundnuts
36,7.437078236,groundnuts
8,3.808429173,groundnuts
24,5.818219385,groundnuts
22,4.52363558,groundnuts
36,3.510404312,groundnuts
22,6.030447288,groundnuts
17,5.498340808,groundnuts
8,4.61136408,groundnuts
7,5.545219232,groundnuts
36,8.292875734,groundnuts
11,3.828031463,groundnuts
6,8.869532817,groundnuts
17,3.793575185,groundnuts
4,4.193189124,groundnuts
9,7.661537348,groundnuts
25,9.392694614,groundnuts
36,4.516154055,groundnuts
21,5.794289715,groundnuts
37,7.354286985,groundnuts
32,5.993513566,groundnuts
29,8.620107545,groundnuts
25,9.45949344,groundnuts
10,8.0344125,groundnuts
23,5.414492777,groundnuts
9,6.276004336,groundnuts
3,9.160691747,groundnuts
22,7.887658711,groundnuts
12,8.183844843,groundnuts
39,9.072011412,groundnuts
32,7.702287236,groundnuts
30,5.88509677,groundnuts
19,6.16496284,groundnuts
4,3.504752314,groundnuts
21,7.388007483,groundnuts
35,8.340398059,groundnuts
22,8.66077954,groundnuts
35,3.558822825,groundnuts
17,5.9565851,groundnuts
28,9.416003106,groundnuts
22,8.18422855,groundnuts
11,5.131779302,groundnuts
38,6.294130313,groundnuts
23,7.991902443,groundnuts
25,8.923095695,groundnuts
40,6.878498176,groundnuts
23,5.243634849,groundnuts
2,7.550090941,groundnuts
3,8.709291688,groundnuts
26,7.792508068,groundnuts
39,8.055908858,groundnuts
27,4.397698806,groundnuts
24,5.952384957,groundnuts
7,8.532078733,groundnuts
15,7.224193642,groundnuts
26,4.931890506,groundnuts
20,4.626212446,groundnuts
34,5.026003659,groundnuts
19,3.5253661,groundnuts
29,8.86979671,groundnuts
20,9.406887533,groundnuts
11,5.80428611,groundnuts
15,8.35495812,groundnuts
35,8.634929739,groundnuts
9,7.699200949,groundnuts
40,5.261285926,groundnuts
35,9.112771682,groundnuts
14,4.605700542,groundnuts
40,7.115994051,groundnuts
18,7.214078621,groundnuts
35,9.93509073,groundnuts
4,8.914074888,groundnuts
22,8.639586199,groundnuts
33,8.621514073,groundnuts
2,5.838508699,groundnuts
16,3.532008668,groundnuts
19,7.18530147,cowpeas
8,7.034214276,cowpeas
36,6.635968698,cowpeas
10,6.828187499,cowpeas
22,6.89077995,cowpeas
9,7.165121109,cowpeas
34,6.935804256,cowpeas
31,7.196774236,cowpeas
0,6.990095452,cowpeas
21,7.064782138,cowpeas
28,7.156563094,cowpeas
17,6.364967184,cowpeas
24,6.428054409,cowpeas
28,6.664187809,cowpeas
21,6.637677489,cowpeas
34,6.79385576,cowpeas
19,6.852884643,cowpeas
31,7.121571293,cowpeas
19,6.883308033,cowpeas
24,6.421271178,cowpeas
13,6.54450214,cowpeas
31,6.452006451,cowpeas
28,6.489259136,cowpeas
31,6.713410626,cowpeas
33,6.510840928,cowpeas
34,6.287380117,cowpeas
13,6.86308576,cowpeas
33,6.78415271,cowpeas
32,6.769415888,cowpeas
23,6.320768488,cowpeas
35,6.705008504,cowpeas
6,6.790736339,cowpeas
29,7.130278657,cowpeas
4,7.012740397,cowpeas
10,7.155685016,cowpeas
14,6.991242362,cowpeas
8,6.218923893,cowpeas
20,7.199495368,cowpeas
36,6.389882166,cowpeas
14,6.623438282,cowpeas
11,7.033012777,cowpeas
10,6.32400451,cowpeas
7,6.397636709,cowpeas
2,6.401455706,cowpeas
20,6.904587016,cowpeas
2,6.478557136,cowpeas
27,7.063022095,cowpeas
35,6.981758362,cowpeas
4,6.227134139,cowpeas
1,6.232836962,cowpeas
36,7.140437859,cowpeas
11,6.459252023,cowpeas
34,6.568795404,cowpeas
21,7.12851089,cowpeas
17,6.42937879,cowpeas
25,6.248900919,cowpeas
2,6.619891498,cowpeas
9,6.377568542,cowpeas
37,6.415459592,cowpeas
36,6.320662012,cowpeas
40,6.978400282,cowpeas
30,6.442335593,cowpeas
1,7.184398832,cowpeas
9,6.402926221,cowpeas
14,7.085982325,cowpeas
35,6.698574085,cowpeas
31,6.594739424,cowpeas
4,6.647965508,cowpeas
30,7.120032489,cowpeas
9,6.91380932,cowpeas
20,7.073048264,cowpeas
37,6.5304707,cowpeas
34,6.684381357,cowpeas
14,6.581351374,cowpeas
23,6.86483915,cowpeas
5,6.487124217,cowpeas
22,6.605733068,cowpeas
40,6.860602782,cowpeas
27,6.41874299,cowpeas
31,6.365513634,cowpeas
38,6.556372966,cowpeas
6,6.760694228,cowpeas
6,6.715276663,cowpeas
24,6.666380512,cowpeas
25,6.626629798,cowpeas
32,6.702772465,cowpeas
8,7.011030515,cowpeas
19,6.890156495,cowpeas
39,6.821747052,cowpeas
33,7.183189922,cowpeas
26,6.27258822,cowpeas
21,6.679127482,cowpeas
22,6.689825155,cowpeas
29,6.583381939,cowpeas
4,6.725551062,cowpeas
10,7.069747814,cowpeas
4,6.921993878,cowpeas
20,6.770955317,cowpeas
23,6.983130466,cowpeas
25,6.267684328,cowpeas
91,6.149934034,banana
105,5.849076099,banana
108,6.276800323,banana
86,5.926824754,banana
80,5.519088423,banana
93,6.079178788,banana
90,6.13465588,banana
108,5.808497604,banana
108,5.891458107,banana
105,5.816622479,banana
118,5.843163161,banana
101,6.376756633,banana
95,5.623615687,banana
106,5.91505509,banana
86,6.458714879,banana
83,5.565028635,banana
85,6.211833161,banana
109,6.490074429,banana
100,5.590236025,banana
117,6.225225239,banana
114,6.190757459,banana
110,5.915568968,banana
94,6.195152442,banana
80,6.156373499,banana
114,6.313197204,banana
88,6.324270089,banana
112,5.707488987,banana
117,6.119216009,banana
111,5.571401169,banana
89,5.63127166,banana
93,6.101241579,banana
92,6.438137279,banana
105,6.098369122,banana
102,5.695267822,banana
94,5.618094446,banana
116,6.435785799,banana
117,6.176644228,banana
119,6.220643671,banana
99,5.871702211,banana
91,6.390741836,banana
80,6.21084479,banana
101,6.012696655,banana
108,5.908770059,banana
100,6.049801781,banana
109,6.010095853,banana
82,5.738678895,banana
106,5.74055541,banana
90,5.793260262,banana
83,5.50947065,banana
119,5.986442306,banana
107,5.790768046,banana
116,5.915546415,banana
101,6.242528278,banana
93,6.036079266,banana
95,5.829898502,banana
107,6.088064451,banana
83,6.469370954,banana
102,5.720726906,banana
86,5.80766417,banana
117,5.703381728,banana
111,6.165001278,banana
95,6.002481605,banana
91,6.212369363,banana
93,5.765308943,banana
92,5.740764682,banana
104,5.879119455,banana
103,6.099478745,banana
92,5.674403359,banana
93,5.694243847,banana
120,5.905494703,banana
108,6.110844721,banana
105,6.020445317,banana
98,6.435917308,banana
111,5.505393833,banana
97,5.677719902,banana
95,5.719014989,banana
89,6.275572298,banana
89,6.275384607,banana
118,6.201911642,banana
101,5.758054257,banana
99,6.323933647,banana
82,5.901100841,banana
90,5.644486582,banana
95,6.235461772,banana
104,6.28236237,banana
102,6.356090905,banana
100,5.837258235,banana
94,5.653437902,banana
99,5.727469947,banana
112,6.200111068,banana
117,5.614471478,banana
96,6.257369799,banana
113,6.037430836,banana
105,5.760457558,banana
85,6.158164422,banana
108,6.387431383,banana
92,5.891413895,banana
110,5.725418961,banana
82,6.281069505,banana
117,5.507641778,banana
2,5.954626604,mango
39,4.757114897,mango
21,5.699586972,mango
25,5.977413803,mango
0,6.430139436,mango
20,6.113935087,mango
19,5.074272692,mango
18,5.667507706,mango
11,5.978634285,mango
30,5.064613314,mango
18,4.772385986,mango
23,5.161148592,mango
37,6.797779227,mango
11,6.39474303,mango
12,5.566704378,mango
3,5.755049971,mango
37,5.417340525,mango
26,6.166173834,mango
14,5.191265116,mango
40,4.954739564,mango
4,5.664587011,mango
36,5.548584852,mango
30,6.804437106,mango
28,6.097869767,mango
38,5.075504537,mango
12,4.546466109,mango
38,5.855119268,mango
8,6.442393461,mango
15,4.507523551,mango
34,6.10729559,mango
11,6.47544932,mango
33,6.832979509,mango
12,5.395275719,mango
12,6.13526938,mango
5,4.555688532,mango
1,6.434197756,mango
16,5.316875978,mango
35,5.279388967,mango
4,6.720041791,mango
9,5.72742254,mango
2,4.691396195,mango
26,6.810186079,mango
34,6.454045329,mango
5,5.842763773,mango
31,5.024124684,mango
34,6.422710539,mango
36,4.94295037,mango
7,6.414526606,mango
38,6.777788126,mango
5,6.441328044,mango
37,4.650536197,mango
21,5.254532213,mango
37,5.910634533,mango
23,4.755273631,mango
36,6.814630246,mango
24,5.342866119,mango
26,6.336234624,mango
22,4.754435025,mango
11,6.831706773,mango
29,6.967417766,mango
22,4.947683034,mango
23,5.630619901,mango
1,6.27339822,mango
2,6.472774648,mango
39,6.953246506,mango
15,5.643710216,mango
3,6.392313973,mango
8,4.981816523,mango
33,5.421265283,mango
14,6.942520105,mango
18,5.435840509,mango
9,5.870116071,mango
20,4.74910393,mango
9,5.497946899,mango
26,6.811291098,mango
31,6.460542749,mango
14,4.791146778,mango
40,6.4841522,mango
28,6.526654345,mango
0,6.279133738,mango
1,6.052026047,mango
2,5.73171945,mango
12,5.32307197,mango
7,4.66910839,mango
0,5.101206389,mango
26,5.339556562,mango
27,5.061081874,mango
22,5.821106036,mango
22,5.956027059,mango
28,5.676032581,mango
7,6.524114355,mango
29,6.273953676,mango
8,6.128167757,mango
39,4.934964765,mango
40,5.445008416,mango
19,4.525722333,mango
21,5.403908328,mango
22,6.621623545,mango
31,6.207495815,mango
18,5.418475257,mango
24,6.112305667,grapes
13,6.092241627,grapes
22,5.896343436,grapes
36,6.15526103,grapes
24,5.732453638,grapes
2,6.253034534,grapes
35,6.106190557,grapes
11,5.647202395,grapes
6,6.130310493,grapes
17,6.499604931,grapes
25,5.554831977,grapes
27,5.800242694,grapes
9,5.570290539,grapes
16,6.27564088,grapes
32,5.536645599,grapes
22,6.208196881,grapes
31,5.870600622,grapes
3,6.334771461,grapes
28,5.856575335,grapes
4,5.898944282,grapes
39,5.775600435,grapes
38,5.931101816,grapes
36,6.2286454,grapes
25,5.594240603,grapes
15,5.569230319,grapes
24,5.93202852,grapes
13,6.423216506,grapes
5,6.417500829,grapes
30,6.234904253,grapes
23,6.000573725,grapes
26,5.685102769,grapes
7,5.662140095,grapes
32,6.358186848,grapes
9,6.119495295,grapes
20,6.207600783,grapes
32,6.48754639,grapes
3,5.81717753,grapes
38,6.325480034,grapes
14,5.562790949,grapes
20,6.487369687,grapes
40,6.116982944,grapes
36,5.695792761,grapes
11,5.734317007,grapes
0,6.329499832,grapes
19,6.167013532,grapes
31,5.653776058,grapes
4,5.840256272,grapes
39,5.539980812,grapes
8,5.833302165,grapes
39,6.399433771,grapes
32,6.138958698,grapes
12,5.972850838,grapes
8,6.456079585,grapes
8,6.336426667,grapes
21,6.425419926,grapes
40,6.294395676,grapes
39,6.477768039,grapes
19,5.931538447,grapes
21,5.980598579,grapes
17,6.389783283,grapes
33,5.693287415,grapes
22,6.00299607,grapes
32,6.372959542,grapes
37,5.510924849,grapes
15,5.69945282,grapes
39,5.778594403,grapes
40,6.315586313,grapes
40,5.971813006,grapes
29,5.891195653,grapes
32,6.129812716,grapes
6,6.313085601,grapes
8,6.053662544,grapes
34,5.804799142,grapes
35,6.400719746,grapes
16,5.953966361,grapes
8,5.609255992,grapes
25,5.777271492,grapes
16,5.682395429,grapes
39,5.863996687,grapes
38,6.444373116,grapes
33,5.550832178,grapes
35,6.107741788,grapes
1,5.620745638,grapes
39,6.349875906,grapes
28,6.484323189,grapes
6,5.838748311,grapes
6,6.29099842,grapes
29,5.638328481,grapes
37,6.415555956,grapes
38,6.323722572,grapes
38,5.757009965,grapes
14,6.158689406,grapes
6,5.733539807,grapes
32,5.908724337,grapes
11,6.361141107,grapes
23,5.96537863,grapes
40,6.476757723,grapes
6,6.224542938,grapes
37,6.209928251,grapes
35,5.841138354,grapes
119,6.283818329,watermelon
119,6.818261383,watermelon
105,6.37620108,watermelon
114,6.581587932,watermelon
93,6.932739726,watermelon
80,6.140099215,watermelon
85,6.467095849,watermelon
85,6.849471704,watermelon
82,6.512196212,watermelon
118,6.039584629,watermelon
83,6.057697106,watermelon
86,6.423898762,watermelon
101,6.936997681,watermelon
119,6.251286661,watermelon
104,6.190015912,watermelon
95,6.681606702,watermelon
102,6.51075991,watermelon
109,6.770278088,watermelon
81,6.429788073,watermelon
103,6.209888345,watermelon
105,6.419052193,watermelon
97,6.237861736,watermelon
120,6.762471629,watermelon
95,6.612847999,watermelon
83,6.704688865,watermelon
83,6.049609892,watermelon
91,6.762030215,watermelon
116,6.65398725,watermelon
112,6.738030547,watermelon
88,6.095689937,watermelon
118,6.538006356,watermelon
92,6.377427122,watermelon
106,6.417011754,watermelon
99,6.649086972,watermelon
98,6.25933595,watermelon
108,6.121168559,watermelon
119,6.031424482,watermelon
117,6.835268184,watermelon
109,6.551750306,watermelon
80,6.940236218,watermelon
100,6.87606733,watermelon
91,6.457216535,watermelon
86,6.921847888,watermelon
107,6.881425746,watermelon
103,6.915717008,watermelon
101,6.206247494,watermelon
85,6.29542477,watermelon
84,6.399669044,watermelon
102,6.862157042,watermelon
98,6.224066378,watermelon
97,6.093814669,watermelon
90,6.291540278,watermelon
95,6.32281728,watermelon
82,6.873283991,watermelon
82,6.074209622,watermelon
110,6.49889585,watermelon
118,6.678805092,watermelon
120,6.114128685,watermelon
91,6.405054243,watermelon
81,6.110142735,watermelon
101,6.828982708,watermelon
101,6.451499764,watermelon
111,6.313512999,watermelon
107,6.755192025,watermelon
115,6.623167177,watermelon
84,6.12532356,watermelon
120,6.653867608,watermelon
91,6.343942518,watermelon
89,6.217300786,watermelon
113,6.286387658,watermelon
97,6.7698938,watermelon
117,6.744966312,watermelon
90,6.391858432,watermelon
104,6.770434148,watermelon
81,6.727468157,watermelon
88,6.662244646,watermelon
92,6.944640222,watermelon
81,6.507110986,watermelon
111,6.520663422,watermelon
108,6.106500787,watermelon
113,6.277484043,watermelon
83,6.195142279,watermelon
101,6.792035575,watermelon
114,6.472756256,watermelon
99,6.000975617,watermelon
92,6.587791262,watermelon
92,6.956508826,watermelon
91,6.259086583,watermelon
110,6.747537642,watermelon
112,6.932537231,watermelon
89,6.353107393,watermelon
100,6.211748957,watermelon
83,6.277245254,watermelon
95,6.560443519,watermelon
119,6.903020221,watermelon
97,6.765094964,watermelon
110,6.189213927,watermelon
96,6.904241707,watermelon
83,6.463271076,watermelon
120,6.260838965,watermelon
24,5.521466996,apple
7,6.133220586,apple
14,6.226289556,apple
8,6.321152192,apple
20,5.587905967,apple
32,5.824151693,apple
27,5.772179946,apple
0,5.790993052,apple
22,6.499226821,apple
1,5.658473817,apple
30,5.573241391,apple
29,6.079497202,apple
13,6.383180271,apple
9,5.867420996,apple
0,5.708418722,apple
30,5.7983508,apple
36,6.28188384,apple
37,5.697945522,apple
33,5.605934087,apple
7,5.85648105,apple
35,6.041053829,apple
29,5.685062404,apple
2,5.669489065,apple
34,5.751707342,apple
29,5.800448951,apple
32,5.821347769,apple
13,6.28022267,apple
25,6.027314401,apple
9,5.636687393,apple
6,5.559363609,apple
37,5.596449493,apple
2,5.893492999,apple
11,5.875718516,apple
10,6.386021424,apple
24,5.710819862,apple
23,5.795985716,apple
18,6.046673619,apple
13,6.443382913,apple
26,5.617227184,apple
28,6.442289294,apple
26,6.162034371,apple
21,5.812781806,apple
21,5.765015126,apple
5,6.184922574,apple
2,5.739652177,apple
15,5.824778636,apple
31,5.554823557,apple
25,6.024248787,apple
16,5.631333387,apple
19,5.811975094,apple
10,5.730557448,apple
20,5.66999105,apple
28,5.682751473,apple
28,6.245858905,apple
2,6.017370134,apple
2,5.53456749,apple
27,5.952367662,apple
30,6.126436584,apple
32,6.406818518,apple
29,6.155939453,apple
26,5.878568981,apple
40,5.935336308,apple
6,5.971332179,apple
35,5.67130617,apple
17,5.882155988,apple
33,6.08551916,apple
16,5.90402645,apple
27,6.110218826,apple
29,6.212302608,apple
3,6.142803397,apple
15,6.365972688,apple
5,6.264202804,apple
10,6.276198595,apple
7,5.514253142,apple
2,5.682343744,apple
29,5.830892252,apple
30,5.603413172,apple
29,6.0967531,apple
14,6.056529526,apple
18,6.160267496,apple
33,5.814434775,apple
40,5.987262638,apple
9,5.570020684,apple
38,5.965551311,apple
28,6.062356467,apple
35,5.895319002,apple
12,6.119432215,apple
1,5.624203283,apple
0,5.52078314,apple
31,5.731535258,apple
35,5.893490899,apple
29,5.560521058,apple
33,6.222390798,apple
14,6.071255131,apple
35,6.231950009,apple
40,5.889480679,apple
25,5.732757516,apple
31,6.400321212,apple
36,6.496934492,apple
10,6.229498836,apple
22,6.354006744,orange
37,7.511755068,orange
27,7.335158382,orange
7,7.813916603,orange
20,7.129136941,orange
26,6.079998496,orange
5,7.408939392,orange
0,7.207991261,orange
39,7.189259647,orange
13,7.365338111,orange
21,7.455991072,orange
33,6.822282114,orange
6,7.028746406,orange
19,6.118430299,orange
24,6.285312759,orange
9,6.559236744,orange
31,7.163245982,orange
22,6.945562889,orange
13,7.474710503,orange
16,7.601189843,orange
4,7.561143224,orange
0,6.361671475,orange
8,6.929216014,orange
4,7.477935216,orange
33,7.684420446,orange
30,7.825531916,orange
21,6.438668989,orange
11,6.946354724,orange
9,7.994465371,orange
5,7.434118807,orange
29,7.781988584,orange
33,6.052318465,orange
8,7.106650373,orange
15,6.22094286,orange
16,6.420457311,orange
0,6.969249676,orange
5,6.011302181,orange
6,6.600948788,orange
10,7.817846496,orange
1,6.8198271,orange
1,7.291405641,orange
0,7.598729065,orange
24,6.157135092,orange
36,7.1917274,orange
40,7.418761774,orange
40,6.488221135,orange
32,6.044167236,orange
9,6.010391864,orange
13,6.949838549,orange
15,7.907956251,orange
29,7.639788459,orange
1,7.53350946,orange
18,6.251586885,orange
14,6.543191814,orange
33,7.651225301,orange
4,6.708889665,orange
17,6.625538653,orange
12,6.528354932,orange
34,6.450640306,orange
39,7.181907673,orange
31,7.016482298,orange
12,6.388617138,orange
12,7.57125447,orange
26,7.609348255,orange
19,7.137136973,orange
39,6.354022554,orange
16,6.196907944,orange
36,7.829507245,orange
37,6.395258356,orange
39,7.992041984,orange
31,6.583411671,orange
18,6.206053072,orange
20,6.976997772,orange
5,6.562594972,orange
20,7.260416405,orange
25,6.460044778,orange
14,6.699164936,orange
37,7.401121811,orange
26,6.912033409,orange
13,7.764040111,orange
32,7.796034006,orange
19,6.969883483,orange
28,6.730757538,orange
24,6.601395755,orange
7,6.465913274,orange
18,6.41354791,orange
7,6.475275337,orange
20,6.407715561,orange
18,6.550814117,orange
34,7.36220835,orange
20,7.36549204,orange
37,7.8546243,orange
12,7.995848977,orange
34,6.725600855,orange
6,7.786725333,orange
27,7.656978112,orange
13,7.105904818,orange
6,7.199106204,orange
40,7.871063004,orange
31,7.566165721,orange
133,7.231324765,cotton
136,6.925412377,cotton
104,7.633437412,cotton
133,6.827354668,cotton
126,6.176716425,cotton
126,6.628722836,cotton
113,7.256877571,cotton
121,6.443785385,cotton
121,7.723240151,cotton
129,5.947448589,cotton
107,7.227745516,cotton
122,6.219469084,cotton
140,6.021439523,cotton
102,6.253343655,cotton
111,6.187455799,cotton
131,7.057693366,cotton
135,6.720449769,cotton
100,6.431689506,cotton
123,7.453106264,cotton
117,7.368258226,cotton
121,7.352401887,cotton
101,6.652143699,cotton
107,6.144631795,cotton
100,7.318802162,cotton
125,7.954629324,cotton
105,6.207652157,cotton
102,6.631005298,cotton
131,7.306918817,cotton
139,5.898293044,cotton
108,7.238566893,cotton
118,7.977651226,cotton
107,5.983075895,cotton
125,6.785723961,cotton
113,7.393441155,cotton
131,6.486068274,cotton
115,7.175934962,cotton
113,7.388265888,cotton
111,6.10539819,cotton
111,6.419536555,cotton
122,6.307585854,cotton
108,6.93221485,cotton
132,7.810865753,cotton
103,6.527541661,cotton
133,7.569454601,cotton
127,7.041065585,cotton
110,7.208795456,cotton
131,6.814341946,cotton
108,7.442217061,cotton
122,6.854558957,cotton
111,7.884550475,cotton
140,6.006085786,cotton
100,7.432043735,cotton
123,6.498052108,cotton
107,6.205263534,cotton
118,6.360812227,cotton
103,7.046607434,cotton
133,7.947011366,cotton
129,6.281913858,cotton
116,6.114525877,cotton
114,6.753978061,cotton
131,7.425041316,cotton
107,6.745104394,cotton
123,7.641116569,cotton
112,6.470135478,cotton
119,7.091992365,cotton
130,6.520403794,cotton
127,6.127939628,cotton
134,7.994679507,cotton
109,7.524707577,cotton
100,7.827877818,cotton
132,6.436691764,cotton
102,5.907930899,cotton
111,6.135025006,cotton
117,6.044556594,cotton
136,7.59781958,cotton
134,6.691268104,cotton
112,6.175492306,cotton
105,7.272316209,cotton
140,5.801047545,cotton
126,6.757457943,cotton
106,6.983395573,cotton
121,7.976889498,cotton
108,6.558902588,cotton
116,7.979090365,cotton
100,7.903528673,cotton
129,6.73210948,cotton
118,6.691690476,cotton
117,7.839849298,cotton
126,6.61448588,cotton
120,7.456971816,cotton
102,7.2942193,cotton
131,7.762647875,cotton
114,6.363406102,cotton
101,7.63737841,cotton
106,6.200671976,cotton
113,6.364729934,cotton
102,6.913678684,cotton
110,7.766259769,cotton
107,7.55606399,cotton
120,7.288377241,cotton
91,7.261313694,coffee
107,7.235070264,coffee
83,7.18915558,coffee
108,6.431899748,coffee
116,6.42321105,coffee
116,6.869720196,coffee
109,6.973839707,coffee
89,7.184801627,coffee
118,6.351823783,coffee
111,6.392048018,coffee
84,6.119892347,coffee
85,6.910823945,coffee
99,6.501157208,coffee
81,7.027585559,coffee
95,7.13411409,coffee
81,6.647765997,coffee
80,6.703270635,coffee
104,7.493191968,coffee
109,6.724688503,coffee
100,6.043485685,coffee
100,7.101661011,coffee
83,7.466900683,coffee
120,6.877799264,coffee
104,6.410992833,coffee
108,7.393825704,coffee
91,7.482414225,coffee
86,6.081172981,coffee
98,6.516312148,coffee
111,6.043330951,coffee
84,6.959404135,coffee
98,7.238109556,coffee
118,7.234258375,coffee
103,6.691541233,coffee
82,6.809593554,coffee
86,6.485761419,coffee
88,6.784460602,coffee
84,7.167092586,coffee
120,6.73410539,coffee
106,6.779984384,coffee
113,7.277422738,coffee
117,7.21270048,coffee
80,7.487266991,coffee
88,7.231166546,coffee
113,6.559817161,coffee
87,6.979590627,coffee
113,6.779230041,coffee
98,6.217974349,coffee
97,7.205078785,coffee
85,6.854011265,coffee
82,6.246872394,coffee
103,6.911066044,coffee
112,6.777417989,coffee
99,6.273741983,coffee
120,6.906124587,coffee
114,7.162802357,coffee
100,6.955787351,coffee
108,6.971963169,coffee
115,6.840927967,coffee
87,6.536676653,coffee
82,6.089443603,coffee
94,7.456460375,coffee
87,6.759211911,coffee
118,7.460174812,coffee
87,6.652642579,coffee
92,6.026287448,coffee
97,6.074190142,coffee
99,7.045543056,coffee
89,6.993236001,coffee
112,6.726528895,coffee
111,6.937352845,coffee
114,7.27905689,coffee
117,7.079850922,coffee
111,6.136286518,coffee
119,6.505203696,coffee
116,7.042089492,coffee
95,6.348337519,coffee
86,7.432322234,coffee
117,6.787658922,coffee
105,6.743417121,coffee
109,7.00733163,coffee
80,7.303033217,coffee
101,6.861235184,coffee
103,7.131435858,coffee
93,7.288211994,coffee
104,6.983732393,coffee
116,6.172090205,coffee
107,6.35118177,coffee
101,6.908671379,coffee
107,6.766184468,coffee
99,6.392791654,coffee
103,6.348316257,coffee
118,6.123796057,coffee
106,7.428523634,coffee
116,6.020947179,coffee
97,6.334610249,coffee
107,6.78006386,coffee
99,6.086922359,coffee
118,6.362607851,coffee
117,6.758792552,coffee
104,6.779832611,coffee
90,6.802985292,rice
85,7.338096361,rice
60,8.140207144,rice
74,7.280400905,rice
78,7.928472891,rice
69,7.373453503,rice
69,6.00080568,rice
94,6.018627178,rice
89,6.985346424,rice
68,6.636253525,rice
91,5.686167788,rice
90,7.80283396,rice
78,5.408681786,rice
93,7.28435366,rice
94,7.24801983,rice
60,7.342299069,rice
85,6.549050656,rice
91,7.270859754,rice
77,6.253933276,rice
88,6.15393208,rice
89,6.742475375,rice
76,5.370175667,rice
67,6.312632591,rice
83,6.554028451,rice
98,7.675482851,rice
66,8.078915154,rice
97,6.586500176,rice
97,7.370959995,rice
60,6.544841491,rice
84,6.343304899,rice
73,6.124709117,rice
92,6.657389366,rice
85,6.664134968,rice
98,5.31450727,rice
88,6.449410611,rice
95,6.250660556,rice
99,6.260370061,rice
95,5.861398642,rice
60,7.716245107,rice
71,7.749914421,maize
61,8.931756558,maize
80,8.657964753,maize
73,8.596060648,maize
61,7.970458434,maize
68,8.158830619,maize
93,8.047906679,maize
89,7.913664501,maize
76,7.855442401,maize
67,7.750254943,maize
70,7.852607099,maize
90,8.472523287,maize
62,8.967057762,maize
92,8.082973754,maize
66,7.919045532,maize
63,8.204747653,maize
70,8.600827017,maize
61,8.021902237,maize
66,8.033550195,maize
91,5.149934034,banana
105,4.849076099,banana
108,5.276800323,banana
86,4.926824754,banana
80,4.519088423,banana
93,5.079178788,banana
40,7.485996067,Soyabeans
23,6.920251378,Soyabeans
39,5.996932037,Soyabeans
22,6.391173589,Soyabeans
36,7.152811172,Soyabeans
32,5.988992796,Soyabeans
58,6.231049028,Soyabeans
59,7.550808267,Soyabeans
42,7.010570541,Soyabeans
28,8.753795334,Soyabeans
58,8.718192847,Soyabeans
43,7.976607593,Soyabeans
58,6.515499549,Soyabeans
23,8.490127142,Soyabeans
27,6.576415562,Soyabeans
28,6.481783043,Soyabeans
50,7.966605025,Soyabeans
39,8.140825437,Soyabeans
25,7.228963452,Soyabeans
31,6.492546046,Soyabeans
26,7.528599957,Soyabeans
25,7.701446446,Soyabeans
31,8.519975748,Soyabeans
60,6.620900869,Soyabeans
59,8.104396058,Soyabeans
22,6.204090835,Soyabeans
36,6.051091339,Soyabeans
59,7.690962338,Soyabeans
54,7.829211144,Soyabeans
43,6.761599706,Soyabeans
2,6.401455706,cowpeas
20,6.904587016,cowpeas
2,6.478557136,cowpeas
27,7.063022095,cowpeas
35,6.981758362,cowpeas
4,6.227134139,cowpeas
1,6.232836962,cowpeas
36,7.140437859,cowpeas
11,6.459252023,cowpeas
34,6.568795404,cowpeas
21,7.12851089,cowpeas
17,6.42937879,cowpeas
118,7.234258375,coffee
103,6.691541233,coffee
82,6.809593554,coffee
86,6.485761419,coffee
88,6.784460602,coffee
84,7.167092586,coffee
120,6.73410539,coffee
106,6.779984384,coffee
113,7.277422738,coffee
117,7.21270048,coffee
37,5.724242065,beans
40,5.811314232,beans
9,5.783425416,beans
1,5.607808432,beans
33,5.946999529,beans
23,5.852046999,beans
6,5.824090984,beans
25,5.502999119,beans
7,5.821649914,beans
8,5.711439256,beans
27,5.514927264,beans
28,5.99616119,beans
32,5.695422863,beans
27,5.833010958,beans
17,5.568456899,beans
0,5.645435626,beans
13,5.821194486,beans
34,5.659254981,beans
9,5.945465949,beans
11,5.951177452,beans
3,5.520880014,beans
35,5.578410206,beans
3,5.608165195,beans
23,5.609435128,beans
22,5.509295379,beans
7,7.813916603,orange
20,7.129136941,orange
26,6.079998496,orange
5,7.408939392,orange
0,7.207991261,orange
39,7.189259647,orange
13,7.365338111,orange
21,7.455991072,orange
33,6.822282114,orange
6,7.028746406,orange
19,6.118430299,orange
24,6.285312759,orange
9,6.559236744,orange
31,7.163245982,orange
22,6.945562889,orange
13,7.474710503,orange
16,7.601189843,orange
4,7.561143224,orange
0,6.361671475,orange
8,6.929216014,orange
4,7.477935216,orange
33,7.684420446,orange
26,6.27258822,cowpeas
21,6.679127482,cowpeas
22,6.689825155,cowpeas
29,6.583381939,cowpeas
4,6.725551062,cowpeas
10,7.069747814,cowpeas
4,6.921993878,cowpeas
20,6.770955317,cowpeas
23,6.983130466,cowpeas
25,6.267684328,cowpeas
91,6.149934034,banana
105,5.849076099,banana
108,6.276800323,banana
86,5.926824754,banana
80,5.519088423,banana
93,6.079178788,banana
90,6.13465588,banana
108,5.808497604,banana
108,5.891458107,banana
105,5.816622479,banana
118,5.843163161,banana
101,6.376756633,banana
95,5.623615687,banana
106,5.91505509,banana
86,6.458714879,banana
83,5.565028635,banana
85,6.211833161,banana
109,6.490074429,banana
100,5.590236025,banana
117,6.225225239,banana
114,6.190757459,banana
110,5.915568968,banana
94,6.195152442,banana
80,6.156373499,banana
